id,dataset,p,q,P,Q,s,ar,ma,sar,sma,r_loglik,py_loglik
1,ar1_shared,1,0,0,0,0,[0.3],[],[],[],-152.697611453641,-152.69761145364052
2,ar1_shared,1,0,0,0,0,[0.5],[],[],[],-143.817451531564,-143.81745153156382
3,ar1_shared,1,0,0,0,0,[0.7],[],[],[],-141.031030761385,-141.03103076138504
4,ar1_shared,1,0,0,0,0,[-0.3],[],[],[],-191.871145222951,-191.87114522295067
5,ar1_shared,1,0,0,0,0,[-0.5],[],[],[],-204.585342175972,-204.5853421759724
6,ar1_shared,2,0,0,0,0,"[0.5, 0.1]",[],[],[],-142.211905336794,-142.2119053367943
7,ar1_shared,2,0,0,0,0,"[0.3, 0.3]",[],[],[],-146.859275226898,-146.85927522689795
8,ar1_shared,2,0,0,0,0,"[0.6, -0.2]",[],[],[],-147.470290842005,-147.47029084200474
9,ar1_shared,2,0,0,0,0,"[-0.4, 0.3]",[],[],[],-186.755391149715,-186.75539114971482
10,ar1_shared,2,0,0,0,0,"[0.2, 0.5]",[],[],[],-152.174453024334,-152.1744530243335
11,ar1_shared,3,0,0,0,0,"[0.5, -0.2, 0.1]",[],[],[],-149.429243501147,-149.4292435011469
12,ar1_shared,3,0,0,0,0,"[0.3, 0.2, -0.3]",[],[],[],-154.717106894439,-154.71710689443907
13,ar1_shared,3,0,0,0,0,"[0.6, -0.1, -0.2]",[],[],[],-149.459470851909,-149.45947085190906
14,ar1_shared,0,1,0,0,0,[],[0.2],[],[],-160.239941546967,-160.2399415487617
15,ar1_shared,0,1,0,0,0,[],[0.4],[],[],-153.24683831007,-153.2468383119139
16,ar1_shared,0,1,0,0,0,[],[0.6],[],[],-152.48076973867,-152.48076973421448
17,ar1_shared,0,1,0,0,0,[],[-0.3],[],[],-197.064387508324,-197.06438750764943
18,ar1_shared,0,1,0,0,0,[],[-0.5],[],[],-221.510925194261,-221.5109251863897
19,ar1_shared,0,2,0,0,0,[],"[0.4, 0.2]",[],[],-147.814626796258,-147.8146267967155
20,ar1_shared,0,2,0,0,0,[],"[0.3, -0.3]",[],[],-170.898325242632,-170.89832524344175
21,ar1_shared,0,2,0,0,0,[],"[-0.4, 0.2]",[],[],-194.09431906818,-194.09431907303352
22,ar1_shared,0,2,0,0,0,[],"[0.5, -0.1]",[],[],-156.314817078542,-156.31481707687647
23,ar1_shared,0,3,0,0,0,[],"[0.4, 0.2, -0.1]",[],[],-149.765916091393,-149.7659160952457
24,ar1_shared,0,3,0,0,0,[],"[0.3, -0.2, 0.2]",[],[],-164.360687006061,-164.36068700727483
25,ar1_shared,0,3,0,0,0,[],"[-0.3, 0.2, 0.1]",[],[],-184.096981711288,-184.09698171113723
26,ar1_shared,1,1,0,0,0,[0.3],[0.2],[],[],-146.702809893417,-146.70280989358133
27,ar1_shared,1,1,0,0,0,[0.5],[0.4],[],[],-147.437682911268,-147.4376829090952
28,ar1_shared,1,1,0,0,0,[0.7],[0.6],[],[],-167.963381898836,-167.96338188295977
29,ar1_shared,1,1,0,0,0,[-0.3],[-0.3],[],[],-219.899968004671,-219.89996800221832
30,ar1_shared,1,1,0,0,0,[-0.5],[-0.5],[],[],-259.43270533234,-259.43270532713177
31,ar1_shared,2,1,0,0,0,"[0.5, 0.1]",[0.2],[],[],-141.22624513027,-141.2262451302951
32,ar1_shared,2,1,0,0,0,"[0.3, 0.3]",[0.4],[],[],-141.005756801372,-141.0057568010333
33,ar1_shared,2,1,0,0,0,"[0.6, -0.2]",[0.6],[],[],-170.986609632879,-170.98660961070794
34,ar1_shared,2,1,0,0,0,"[-0.4, 0.3]",[-0.3],[],[],-212.348508996221,-212.3485089901882
35,ar1_shared,2,1,0,0,0,"[0.2, 0.5]",[-0.5],[],[],-176.214874024854,-176.21487402153613
36,ar1_shared,1,2,0,0,0,[0.3],"[0.4, 0.2]",[],[],-142.408852585672,-142.40885258526257
37,ar1_shared,1,2,0,0,0,[0.5],"[0.3, -0.3]",[],[],-156.951149940203,-156.95114992538336
38,ar1_shared,1,2,0,0,0,[0.7],"[-0.4, 0.2]",[],[],-147.903287301995,-147.9032873024266
39,ar1_shared,1,2,0,0,0,[-0.3],"[0.5, -0.1]",[],[],-166.433614638822,-166.43361464253798
40,ar1_shared,2,2,0,0,0,"[0.5, 0.1]","[0.4, 0.2]",[],[],-143.706062521669,-143.70606251958156
41,ar1_shared,2,2,0,0,0,"[0.3, 0.3]","[0.3, -0.3]",[],[],-145.714871395944,-145.71487138811077
42,ar1_shared,2,2,0,0,0,"[0.6, -0.2]","[-0.4, 0.2]",[],[],-155.846145806918,-155.84614580799075
43,ar1_shared,2,2,0,0,0,"[-0.4, 0.3]","[0.5, -0.1]",[],[],-160.023731558517,-160.02373156678334
44,ar2_shared,1,0,0,0,0,[0.3],[],[],[],-151.676767212854,-151.67676721285432
45,ar2_shared,1,0,0,0,0,[0.5],[],[],[],-145.557356971128,-145.55735697112763
46,ar2_shared,1,0,0,0,0,[0.7],[],[],[],-145.04120629073,-145.04120629073037
47,ar2_shared,1,0,0,0,0,[-0.3],[],[],[],-185.769417285079,-185.76941728507927
48,ar2_shared,1,0,0,0,0,[-0.5],[],[],[],-197.833917950342,-197.83391795034163
49,ar2_shared,2,0,0,0,0,"[0.5, 0.1]",[],[],[],-143.256444123374,-143.2564441233744
50,ar2_shared,2,0,0,0,0,"[0.3, 0.3]",[],[],[],-144.446666737697,-144.44666673769729
51,ar2_shared,2,0,0,0,0,"[0.6, -0.2]",[],[],[],-151.289096029374,-151.28909602937387
52,ar2_shared,2,0,0,0,0,"[-0.4, 0.3]",[],[],[],-180.733212633569,-180.73321263356888
53,ar2_shared,2,0,0,0,0,"[0.2, 0.5]",[],[],[],-147.739610054682,-147.7396100546822
54,ar2_shared,3,0,0,0,0,"[0.5, -0.2, 0.1]",[],[],[],-151.433766978094,-151.43376697809387
55,ar2_shared,3,0,0,0,0,"[0.3, 0.2, -0.3]",[],[],[],-155.032163208718,-155.0321632087179
56,ar2_shared,3,0,0,0,0,"[0.6, -0.1, -0.2]",[],[],[],-153.1289518969,-153.12895189689985
57,ar2_shared,0,1,0,0,0,[],[0.2],[],[],-157.927742784934,-157.9277427859475
58,ar2_shared,0,1,0,0,0,[],[0.4],[],[],-153.566355685933,-153.56635568748132
59,ar2_shared,0,1,0,0,0,[],[0.6],[],[],-155.377594076126,-155.3775940737853
60,ar2_shared,0,1,0,0,0,[],[-0.3],[],[],-190.953717748193,-190.9537177472616
61,ar2_shared,0,1,0,0,0,[],[-0.5],[],[],-214.900467912377,-214.90046790516402
62,ar2_shared,0,2,0,0,0,[],"[0.4, 0.2]",[],[],-148.4706972436,-148.47069724448596
63,ar2_shared,0,2,0,0,0,[],"[0.3, -0.3]",[],[],-168.277812355339,-168.27781235932554
64,ar2_shared,0,2,0,0,0,[],"[-0.4, 0.2]",[],[],-187.140452276353,-187.14045228110112
65,ar2_shared,0,2,0,0,0,[],"[0.5, -0.1]",[],[],-157.137738044847,-157.13773804388222
66,ar2_shared,0,3,0,0,0,[],"[0.4, 0.2, -0.1]",[],[],-150.771152286174,-150.77115228858924
67,ar2_shared,0,3,0,0,0,[],"[0.3, -0.2, 0.2]",[],[],-160.440066670705,-160.44006667717525
68,ar2_shared,0,3,0,0,0,[],"[-0.3, 0.2, 0.1]",[],[],-176.413545108454,-176.41354510854364
69,ar2_shared,1,1,0,0,0,[0.3],[0.2],[],[],-148.719341886563,-148.719341886635
70,ar2_shared,1,1,0,0,0,[0.5],[0.4],[],[],-155.654723888532,-155.6547238867168
71,ar2_shared,1,1,0,0,0,[0.7],[0.6],[],[],-178.589439427794,-178.58943941848386
72,ar2_shared,1,1,0,0,0,[-0.3],[-0.3],[],[],-212.850788681376,-212.85078867764292
73,ar2_shared,1,1,0,0,0,[-0.5],[-0.5],[],[],-252.093754349113,-252.09375434428534
74,ar2_shared,2,1,0,0,0,"[0.5, 0.1]",[0.2],[],[],-145.606031607181,-145.60603160690323
75,ar2_shared,2,1,0,0,0,"[0.3, 0.3]",[0.4],[],[],-144.857809498164,-144.85780949763316
76,ar2_shared,2,1,0,0,0,"[0.6, -0.2]",[0.6],[],[],-181.266596056255,-181.2665960433041
77,ar2_shared,2,1,0,0,0,"[-0.4, 0.3]",[-0.3],[],[],-205.238585343557,-205.23858533384796
78,ar2_shared,2,1,0,0,0,"[0.2, 0.5]",[-0.5],[],[],-169.035156564173,-169.0351565612149
79,ar2_shared,1,2,0,0,0,[0.3],"[0.4, 0.2]",[],[],-147.644499089293,-147.64449908906127
80,ar2_shared,1,2,0,0,0,[0.5],"[0.3, -0.3]",[],[],-160.942085791698,-160.94208578629392
81,ar2_shared,1,2,0,0,0,[0.7],"[-0.4, 0.2]",[],[],-144.490860125338,-144.490860126337
82,ar2_shared,1,2,0,0,0,[-0.3],"[0.5, -0.1]",[],[],-163.389064644637,-163.38906464843163
83,ar2_shared,2,2,0,0,0,"[0.5, 0.1]","[0.4, 0.2]",[],[],-150.662266253986,-150.66226625250647
84,ar2_shared,2,2,0,0,0,"[0.3, 0.3]","[0.3, -0.3]",[],[],-147.156223188008,-147.1562231857704
85,ar2_shared,2,2,0,0,0,"[0.6, -0.2]","[-0.4, 0.2]",[],[],-153.624840697255,-153.62484069846505
86,ar2_shared,2,2,0,0,0,"[-0.4, 0.3]","[0.5, -0.1]",[],[],-157.228982848479,-157.2289828556735
87,ma1_shared,1,0,0,0,0,[0.3],[],[],[],-130.698823749796,-130.69882374979608
88,ma1_shared,1,0,0,0,0,[0.5],[],[],[],-129.384159450994,-129.38415945099408
89,ma1_shared,1,0,0,0,0,[0.7],[],[],[],-132.983127895425,-132.98312789542518
90,ma1_shared,1,0,0,0,0,[-0.3],[],[],[],-156.090843935247,-156.0908439352466
91,ma1_shared,1,0,0,0,0,[-0.5],[],[],[],-167.29353960728,-167.2935396072795
92,ma1_shared,2,0,0,0,0,"[0.5, 0.1]",[],[],[],-132.965903081547,-132.96590308154734
93,ma1_shared,2,0,0,0,0,"[0.3, 0.3]",[],[],[],-140.781676628778,-140.7816766287781
94,ma1_shared,2,0,0,0,0,"[0.6, -0.2]",[],[],[],-125.630237770807,-125.63023777080676
95,ma1_shared,2,0,0,0,0,"[-0.4, 0.3]",[],[],[],-161.767454600123,-161.76745460012273
96,ma1_shared,2,0,0,0,0,"[0.2, 0.5]",[],[],[],-150.638527910626,-150.63852791062553
97,ma1_shared,3,0,0,0,0,"[0.5, -0.2, 0.1]",[],[],[],-127.811257062616,-127.81125706261638
98,ma1_shared,3,0,0,0,0,"[0.3, 0.2, -0.3]",[],[],[],-131.228380859667,-131.22838085966671
99,ma1_shared,3,0,0,0,0,"[0.6, -0.1, -0.2]",[],[],[],-125.741889780323,-125.74188978032336
100,ma1_shared,0,1,0,0,0,[],[0.2],[],[],-132.853170791232,-132.85317079230458
101,ma1_shared,0,1,0,0,0,[],[0.4],[],[],-128.114020041503,-128.11402004283462
102,ma1_shared,0,1,0,0,0,[],[0.6],[],[],-128.643281824357,-128.64328181993793
103,ma1_shared,0,1,0,0,0,[],[-0.3],[],[],-156.550047426525,-156.5500474261598
104,ma1_shared,0,1,0,0,0,[],[-0.5],[],[],-169.985416043729,-169.98541603825566
105,ma1_shared,0,2,0,0,0,[],"[0.4, 0.2]",[],[],-128.329984609083,-128.32998460913302
106,ma1_shared,0,2,0,0,0,[],"[0.3, -0.3]",[],[],-133.905722721736,-133.90572271788884
107,ma1_shared,0,2,0,0,0,[],"[-0.4, 0.2]",[],[],-163.723350345213,-163.7233503480382
108,ma1_shared,0,2,0,0,0,[],"[0.5, -0.1]",[],[],-129.389245436899,-129.38924543331106
109,ma1_shared,0,3,0,0,0,[],"[0.4, 0.2, -0.1]",[],[],-127.032454218738,-127.03245422108338
110,ma1_shared,0,3,0,0,0,[],"[0.3, -0.2, 0.2]",[],[],-137.438172133382,-137.4381721284191
111,ma1_shared,0,3,0,0,0,[],"[-0.3, 0.2, 0.1]",[],[],-162.210957725786,-162.21095772309968
112,ma1_shared,1,1,0,0,0,[0.3],[0.2],[],[],-127.292979840733,-127.29297984079942
113,ma1_shared,1,1,0,0,0,[0.5],[0.4],[],[],-132.561287844805,-132.56128784310772
114,ma1_shared,1,1,0,0,0,[0.7],[0.6],[],[],-152.264404802252,-152.26440479004103
115,ma1_shared,1,1,0,0,0,[-0.3],[-0.3],[],[],-175.154047640426,-175.1540476389148
116,ma1_shared,1,1,0,0,0,[-0.5],[-0.5],[],[],-203.100806336536,-203.1008063323968
117,ma1_shared,2,1,0,0,0,"[0.5, 0.1]",[0.2],[],[],-131.652541672604,-131.652541672642
118,ma1_shared,2,1,0,0,0,"[0.3, 0.3]",[0.4],[],[],-133.602439829659,-133.60243983008175
119,ma1_shared,2,1,0,0,0,"[0.6, -0.2]",[0.6],[],[],-150.902528874842,-150.90252885525354
120,ma1_shared,2,1,0,0,0,"[-0.4, 0.3]",[-0.3],[],[],-178.075681571954,-178.07568156814546
121,ma1_shared,2,1,0,0,0,"[0.2, 0.5]",[-0.5],[],[],-165.135443841508,-165.13544384064653
122,ma1_shared,1,2,0,0,0,[0.3],"[0.4, 0.2]",[],[],-128.129320485461,-128.12932048524453
123,ma1_shared,1,2,0,0,0,[0.5],"[0.3, -0.3]",[],[],-135.183764541502,-135.1837645249413
124,ma1_shared,1,2,0,0,0,[0.7],"[-0.4, 0.2]",[],[],-144.221829823835,-144.22182982385036
125,ma1_shared,1,2,0,0,0,[-0.3],"[0.5, -0.1]",[],[],-134.344351343645,-134.34435134585976
126,ma1_shared,2,2,0,0,0,"[0.5, 0.1]","[0.4, 0.2]",[],[],-135.568169173479,-135.56816917264817
127,ma1_shared,2,2,0,0,0,"[0.3, 0.3]","[0.3, -0.3]",[],[],-131.603037419408,-131.6030374126396
128,ma1_shared,2,2,0,0,0,"[0.6, -0.2]","[-0.4, 0.2]",[],[],-134.115862644287,-134.11586264454024
129,ma1_shared,2,2,0,0,0,"[-0.4, 0.3]","[0.5, -0.1]",[],[],-137.699428420438,-137.69942842768194
130,nile,1,0,0,0,0,[0.3],[],[],[],-791.683631707487,-791.6836317074869
131,nile,1,0,0,0,0,[0.5],[],[],[],-760.776281494898,-760.7762814948977
132,nile,1,0,0,0,0,[0.7],[],[],[],-718.772002458561,-718.7720024585614
133,nile,1,0,0,0,0,[-0.3],[],[],[],-851.671448594421,-851.6714485944212
134,nile,1,0,0,0,0,[-0.5],[],[],[],-865.899329489893,-865.8993294898934
135,nile,2,0,0,0,0,"[0.5, 0.1]",[],[],[],-741.43048994832,-741.4304899483194
136,nile,2,0,0,0,0,"[0.3, 0.3]",[],[],[],-741.886333689151,-741.8863336891503
137,nile,2,0,0,0,0,"[0.6, -0.2]",[],[],[],-777.405475064529,-777.4054750645284
138,nile,2,0,0,0,0,"[-0.4, 0.3]",[],[],[],-836.031675066214,-836.0316750662139
139,nile,2,0,0,0,0,"[0.2, 0.5]",[],[],[],-720.138329375222,-720.1383293752218
140,nile,3,0,0,0,0,"[0.5, -0.2, 0.1]",[],[],[],-777.530638608879,-777.5306386088787
141,nile,3,0,0,0,0,"[0.3, 0.2, -0.3]",[],[],[],-804.247594827887,-804.2475948278866
142,nile,3,0,0,0,0,"[0.6, -0.1, -0.2]",[],[],[],-791.566088720108,-791.5660887201075
143,nile,0,1,0,0,0,[],[0.2],[],[],-808.246177358681,-808.246177361179
144,nile,0,1,0,0,0,[],[0.4],[],[],-793.585136663973,-793.5851366698411
145,nile,0,1,0,0,0,[],[0.6],[],[],-781.484144304727,-781.4841443129908
146,nile,0,1,0,0,0,[],[-0.3],[],[],-860.78359759071,-860.7835975896244
147,nile,0,1,0,0,0,[],[-0.5],[],[],-893.699855481572,-893.6998554683814
148,nile,0,2,0,0,0,[],"[0.4, 0.2]",[],[],-781.085840924872,-781.0858409258603
149,nile,0,2,0,0,0,[],"[0.3, -0.3]",[],[],-825.873705095337,-825.8737051060355
150,nile,0,2,0,0,0,[],"[-0.4, 0.2]",[],[],-848.165016293284,-848.1650163014788
151,nile,0,2,0,0,0,[],"[0.5, -0.1]",[],[],-793.856296573006,-793.8562965800174
152,nile,0,3,0,0,0,[],"[0.4, 0.2, -0.1]",[],[],-787.23516896062,-787.2351689708681
153,nile,0,3,0,0,0,[],"[0.3, -0.2, 0.2]",[],[],-801.303438935602,-801.3034389463228
154,nile,0,3,0,0,0,[],"[-0.3, 0.2, 0.1]",[],[],-826.653504495363,-826.6535045011135
155,nile,1,1,0,0,0,[0.3],[0.2],[],[],-774.736290402849,-774.7362904034135
156,nile,1,1,0,0,0,[0.5],[0.4],[],[],-733.960487673442,-733.9604876758817
157,nile,1,1,0,0,0,[0.7],[0.6],[],[],-704.980691877796,-704.9806918745569
158,nile,1,1,0,0,0,[-0.3],[-0.3],[],[],-886.794580191143,-886.7945801873649
159,nile,1,1,0,0,0,[-0.5],[-0.5],[],[],-934.185196507686,-934.1851964991639
160,nile,2,1,0,0,0,"[0.5, 0.1]",[0.2],[],[],-726.889313433142,-726.8893134350918
161,nile,2,1,0,0,0,"[0.3, 0.3]",[0.4],[],[],-715.152581012526,-715.1525810150741
162,nile,2,1,0,0,0,"[0.6, -0.2]",[0.6],[],[],-743.977281291781,-743.9772812950258
163,nile,2,1,0,0,0,"[-0.4, 0.3]",[-0.3],[],[],-870.991136543869,-870.9911365335822
164,nile,2,1,0,0,0,"[0.2, 0.5]",[-0.5],[],[],-780.771903628901,-780.7719036206389
165,nile,1,2,0,0,0,[0.3],"[0.4, 0.2]",[],[],-749.46322985705,-749.4632298596487
166,nile,1,2,0,0,0,[0.5],"[0.3, -0.3]",[],[],-762.76497651123,-762.764976516679
167,nile,1,2,0,0,0,[0.7],"[-0.4, 0.2]",[],[],-736.389689460413,-736.3896894671647
168,nile,1,2,0,0,0,[-0.3],"[0.5, -0.1]",[],[],-818.683441890042,-818.6834418979693
169,nile,2,2,0,0,0,"[0.5, 0.1]","[0.4, 0.2]",[],[],-707.817130372609,-707.817130375496
170,nile,2,2,0,0,0,"[0.3, 0.3]","[0.3, -0.3]",[],[],-742.220051297272,-742.2200513074097
171,nile,2,2,0,0,0,"[0.6, -0.2]","[-0.4, 0.2]",[],[],-798.206507660569,-798.206507663931
172,nile,2,2,0,0,0,"[-0.4, 0.3]","[0.5, -0.1]",[],[],-802.862303366921,-802.8623033782429
173,sunspots,1,0,0,0,0,[0.3],[],[],[],-1626.43917438116,-1626.4391743811611
174,sunspots,1,0,0,0,0,[0.5],[],[],[],-1547.92889441375,-1547.9288944137465
175,sunspots,1,0,0,0,0,[0.7],[],[],[],-1465.79031811155,-1465.7903181115535
176,sunspots,1,0,0,0,0,[-0.3],[],[],[],-1801.18006834127,-1801.1800683412653
177,sunspots,1,0,0,0,0,[-0.5],[],[],[],-1844.50305863162,-1844.5030586316163
178,sunspots,2,0,0,0,0,"[0.5, 0.1]",[],[],[],-1519.42157934828,-1519.421579348279
179,sunspots,2,0,0,0,0,"[0.3, 0.3]",[],[],[],-1547.28640723055,-1547.28640723055
180,sunspots,2,0,0,0,0,"[0.6, -0.2]",[],[],[],-1572.35351771848,-1572.3535177184763
181,sunspots,2,0,0,0,0,"[-0.4, 0.3]",[],[],[],-1764.76292104963,-1764.7629210496339
182,sunspots,2,0,0,0,0,"[0.2, 0.5]",[],[],[],-1547.78621594785,-1547.7862159478482
183,sunspots,3,0,0,0,0,"[0.5, -0.2, 0.1]",[],[],[],-1588.02755775491,-1588.0275577549135
184,sunspots,3,0,0,0,0,"[0.3, 0.2, -0.3]",[],[],[],-1639.94649121357,-1639.9464912135745
185,sunspots,3,0,0,0,0,"[0.6, -0.1, -0.2]",[],[],[],-1596.22632640845,-1596.2263264084522
186,sunspots,0,1,0,0,0,[],[0.2],[],[],-1671.15862896695,-1671.1586289741253
187,sunspots,0,1,0,0,0,[],[0.4],[],[],-1626.34897686327,-1626.3489768815284
188,sunspots,0,1,0,0,0,[],[0.6],[],[],-1588.50455306391,-1588.5045530926593
189,sunspots,0,1,0,0,0,[],[-0.3],[],[],-1824.50322467313,-1824.5032246692574
190,sunspots,0,1,0,0,0,[],[-0.5],[],[],-1916.2299131973,-1916.2299131491707
191,sunspots,0,2,0,0,0,[],"[0.4, 0.2]",[],[],-1592.84047083809,-1592.8404708365704
192,sunspots,0,2,0,0,0,[],"[0.3, -0.3]",[],[],-1713.11929279948,-1713.1192928417677
193,sunspots,0,2,0,0,0,[],"[-0.4, 0.2]",[],[],-1799.45618830333,-1799.4561883273168
194,sunspots,0,2,0,0,0,[],"[0.5, -0.1]",[],[],-1624.17669319857,-1624.176693224053
195,sunspots,0,3,0,0,0,[],"[0.4, 0.2, -0.1]",[],[],-1605.52786488996,-1605.5278649275806
196,sunspots,0,3,0,0,0,[],"[0.3, -0.2, 0.2]",[],[],-1658.23464334182,-1658.234643400762
197,sunspots,0,3,0,0,0,[],"[-0.3, 0.2, 0.1]",[],[],-1747.53720384421,-1747.5372038516002
198,sunspots,1,1,0,0,0,[0.3],[0.2],[],[],-1575.74537785877,-1575.7453778602724
199,sunspots,1,1,0,0,0,[0.5],[0.4],[],[],-1463.49922124891,-1463.4992212567495
200,sunspots,1,1,0,0,0,[0.7],[0.6],[],[],-1386.59231315267,-1386.592313149877
201,sunspots,1,1,0,0,0,[-0.3],[-0.3],[],[],-1902.77733606679,-1902.7773360536453
202,sunspots,1,1,0,0,0,[-0.5],[-0.5],[],[],-2039.22377271253,-2039.2237726813432
203,sunspots,2,1,0,0,0,"[0.5, 0.1]",[0.2],[],[],-1474.4281286223,-1474.4281286272915
204,sunspots,2,1,0,0,0,"[0.3, 0.3]",[0.4],[],[],-1462.28131896763,-1462.2813189760022
205,sunspots,2,1,0,0,0,"[0.6, -0.2]",[0.6],[],[],-1464.41425340399,-1464.4142534144034
206,sunspots,2,1,0,0,0,"[-0.4, 0.3]",[-0.3],[],[],-1863.78505606077,-1863.7850560256634
207,sunspots,2,1,0,0,0,"[0.2, 0.5]",[-0.5],[],[],-1689.08563936691,-1689.0856393418073
208,sunspots,1,2,0,0,0,[0.3],"[0.4, 0.2]",[],[],-1503.0366271626,-1503.0366271717776
209,sunspots,1,2,0,0,0,[0.5],"[0.3, -0.3]",[],[],-1536.25511353498,-1536.2551135593808
210,sunspots,1,2,0,0,0,[0.7],"[-0.4, 0.2]",[],[],-1541.5005901501,-1541.5005901640636
211,sunspots,1,2,0,0,0,[-0.3],"[0.5, -0.1]",[],[],-1699.20621480223,-1699.206214831037
212,sunspots,2,2,0,0,0,"[0.5, 0.1]","[0.4, 0.2]",[],[],-1416.809829167,-1416.8098291803944
213,sunspots,2,2,0,0,0,"[0.3, 0.3]","[0.3, -0.3]",[],[],-1522.3864082625,-1522.3864083068997
214,sunspots,2,2,0,0,0,"[0.6, -0.2]","[-0.4, 0.2]",[],[],-1644.69427924787,-1644.6942792539771
215,sunspots,2,2,0,0,0,"[-0.4, 0.3]","[0.5, -0.1]",[],[],-1662.84357740179,-1662.8435774422112
216,macro_gdp_growth,1,0,0,0,0,[0.3],[],[],[],-286.422898956413,-286.4228989564128
217,macro_gdp_growth,1,0,0,0,0,[0.5],[],[],[],-274.059854079125,-274.05985407912453
218,macro_gdp_growth,1,0,0,0,0,[0.7],[],[],[],-273.255850600169,-273.25585060016925
219,macro_gdp_growth,1,0,0,0,0,[-0.3],[],[],[],-356.04790547463,-356.0479054746303
220,macro_gdp_growth,1,0,0,0,0,[-0.5],[],[],[],-380.588483565726,-380.5884835657259
221,macro_gdp_growth,2,0,0,0,0,"[0.5, 0.1]",[],[],[],-266.978153727857,-266.9781537278571
222,macro_gdp_growth,2,0,0,0,0,"[0.3, 0.3]",[],[],[],-264.060967760972,-264.06096776097206
223,macro_gdp_growth,2,0,0,0,0,"[0.6, -0.2]",[],[],[],-289.944250389702,-289.9442503897021
224,macro_gdp_growth,2,0,0,0,0,"[-0.4, 0.3]",[],[],[],-340.484891514844,-340.484891514844
225,macro_gdp_growth,2,0,0,0,0,"[0.2, 0.5]",[],[],[],-266.287493576096,-266.28749357609536
226,macro_gdp_growth,3,0,0,0,0,"[0.5, -0.2, 0.1]",[],[],[],-287.344720215972,-287.34472021597213
227,macro_gdp_growth,3,0,0,0,0,"[0.3, 0.2, -0.3]",[],[],[],-298.464786343447,-298.4647863434467
228,macro_gdp_growth,3,0,0,0,0,"[0.6, -0.1, -0.2]",[],[],[],-296.765331824484,-296.7653318244837
229,macro_gdp_growth,0,1,0,0,0,[],[0.2],[],[],-299.861041767115,-299.8610417696618
230,macro_gdp_growth,0,1,0,0,0,[],[0.4],[],[],-293.271344215743,-293.2713442165258
231,macro_gdp_growth,0,1,0,0,0,[],[0.6],[],[],-304.475028525431,-304.4750285073336
232,macro_gdp_growth,0,1,0,0,0,[],[-0.3],[],[],-368.987125613201,-368.98712561116656
233,macro_gdp_growth,0,1,0,0,0,[],[-0.5],[],[],-423.429384606435,-423.4293845799376
234,macro_gdp_growth,0,2,0,0,0,[],"[0.4, 0.2]",[],[],-280.685212569333,-280.6852125715426
235,macro_gdp_growth,0,2,0,0,0,[],"[0.3, -0.3]",[],[],-332.66922710492,-332.66922709749036
236,macro_gdp_growth,0,2,0,0,0,[],"[-0.4, 0.2]",[],[],-354.861347979913,-354.86134799263004
237,macro_gdp_growth,0,2,0,0,0,[],"[0.5, -0.1]",[],[],-308.785409942042,-308.78540992975235
238,macro_gdp_growth,0,3,0,0,0,[],"[0.4, 0.2, -0.1]",[],[],-285.646826238999,-285.64682624336575
239,macro_gdp_growth,0,3,0,0,0,[],"[0.3, -0.2, 0.2]",[],[],-319.763464968019,-319.76346495108794
240,macro_gdp_growth,0,3,0,0,0,[],"[-0.3, 0.2, 0.1]",[],[],-328.206829201965,-328.2068292061321
241,macro_gdp_growth,1,1,0,0,0,[0.3],[0.2],[],[],-282.353102401332,-282.3531024014617
242,macro_gdp_growth,1,1,0,0,0,[0.5],[0.4],[],[],-301.347297248343,-301.34729724208415
243,macro_gdp_growth,1,1,0,0,0,[0.7],[0.6],[],[],-359.665453086465,-359.665453050383
244,macro_gdp_growth,1,1,0,0,0,[-0.3],[-0.3],[],[],-414.682571561673,-414.68257155391444
245,macro_gdp_growth,1,1,0,0,0,[-0.5],[-0.5],[],[],-500.660731026618,-500.66073100862263
246,macro_gdp_growth,2,1,0,0,0,"[0.5, 0.1]",[0.2],[],[],-275.119431476804,-275.1194314762703
247,macro_gdp_growth,2,1,0,0,0,"[0.3, 0.3]",[0.4],[],[],-272.476133685577,-272.47613368322413
248,macro_gdp_growth,2,1,0,0,0,"[0.6, -0.2]",[0.6],[],[],-367.592917683802,-367.59291763348506
249,macro_gdp_growth,2,1,0,0,0,"[-0.4, 0.3]",[-0.3],[],[],-393.361125623792,-393.36112560421543
250,macro_gdp_growth,2,1,0,0,0,"[0.2, 0.5]",[-0.5],[],[],-299.441313632244,-299.4413136248031
251,macro_gdp_growth,1,2,0,0,0,[0.3],"[0.4, 0.2]",[],[],-280.469682325434,-280.4696823240187
252,macro_gdp_growth,1,2,0,0,0,[0.5],"[0.3, -0.3]",[],[],-328.957224929346,-328.9572248864312
253,macro_gdp_growth,1,2,0,0,0,[0.7],"[-0.4, 0.2]",[],[],-264.033742692739,-264.03374269401854
254,macro_gdp_growth,1,2,0,0,0,[-0.3],"[0.5, -0.1]",[],[],-315.213107342618,-315.2131073460648
255,macro_gdp_growth,2,2,0,0,0,"[0.5, 0.1]","[0.4, 0.2]",[],[],-286.443577215213,-286.4435772101262
256,macro_gdp_growth,2,2,0,0,0,"[0.3, 0.3]","[0.3, -0.3]",[],[],-286.057105080755,-286.0571050420898
257,macro_gdp_growth,2,2,0,0,0,"[0.6, -0.2]","[-0.4, 0.2]",[],[],-290.039069032321,-290.0390690358656
258,macro_gdp_growth,2,2,0,0,0,"[-0.4, 0.3]","[0.5, -0.1]",[],[],-294.152512371225,-294.1525123864346
259,elnino_monthly,1,0,0,0,0,[0.3],[],[],[],-1265.87667778654,-1265.8766777865412
260,elnino_monthly,1,0,0,0,0,[0.5],[],[],[],-1166.07824970672,-1166.0782497067244
261,elnino_monthly,1,0,0,0,0,[0.7],[],[],[],-1016.31578300277,-1016.3157830027651
262,elnino_monthly,1,0,0,0,0,[-0.3],[],[],[],-1450.66187756353,-1450.6618775635252
263,elnino_monthly,1,0,0,0,0,[-0.5],[],[],[],-1493.57210597755,-1493.5721059775499
264,elnino_monthly,2,0,0,0,0,"[0.5, 0.1]",[],[],[],-1100.94953706243,-1100.949537062434
265,elnino_monthly,2,0,0,0,0,"[0.3, 0.3]",[],[],[],-1102.40207111222,-1102.4020711122193
266,elnino_monthly,2,0,0,0,0,"[0.6, -0.2]",[],[],[],-1219.4860677722,-1219.4860677721977
267,elnino_monthly,2,0,0,0,0,"[-0.4, 0.3]",[],[],[],-1401.48112909037,-1401.4811290903745
268,elnino_monthly,2,0,0,0,0,"[0.2, 0.5]",[],[],[],-1022.1257513537,-1022.1257513537008
269,elnino_monthly,3,0,0,0,0,"[0.5, -0.2, 0.1]",[],[],[],-1220.14027470766,-1220.1402747076554
270,elnino_monthly,3,0,0,0,0,"[0.3, 0.2, -0.3]",[],[],[],-1304.84053827359,-1304.8405382735943
271,elnino_monthly,3,0,0,0,0,"[0.6, -0.1, -0.2]",[],[],[],-1264.7483587467,-1264.748358746698
272,elnino_monthly,0,1,0,0,0,[],[0.2],[],[],-1317.73674532741,-1317.736745335095
273,elnino_monthly,0,1,0,0,0,[],[0.4],[],[],-1271.70860960901,-1271.7086096283988
274,elnino_monthly,0,1,0,0,0,[],[0.6],[],[],-1231.90311326977,-1231.903113301888
275,elnino_monthly,0,1,0,0,0,[],[-0.3],[],[],-1478.65091052712,-1478.6509105231767
276,elnino_monthly,0,1,0,0,0,[],[-0.5],[],[],-1578.89447232059,-1578.894472271188
277,elnino_monthly,0,2,0,0,0,[],"[0.4, 0.2]",[],[],-1231.99809436289,-1231.9980943639762
278,elnino_monthly,0,2,0,0,0,[],"[0.3, -0.3]",[],[],-1371.87328788087,-1371.8732879243291
279,elnino_monthly,0,2,0,0,0,[],"[-0.4, 0.2]",[],[],-1439.37849884533,-1439.3784988730822
280,elnino_monthly,0,2,0,0,0,[],"[0.5, -0.1]",[],[],-1271.69366779212,-1271.693667819759
281,elnino_monthly,0,3,0,0,0,[],"[0.4, 0.2, -0.1]",[],[],-1251.09702579667,-1251.0970258357759
282,elnino_monthly,0,3,0,0,0,[],"[0.3, -0.2, 0.2]",[],[],-1294.42098518808,-1294.4209852524466
283,elnino_monthly,0,3,0,0,0,[],"[-0.3, 0.2, 0.1]",[],[],-1373.16695623465,-1373.166956254061
284,elnino_monthly,1,1,0,0,0,[0.3],[0.2],[],[],-1211.4980592571,-1211.4980592588213
285,elnino_monthly,1,1,0,0,0,[0.5],[0.4],[],[],-1065.92914880405,-1065.9291488150222
286,elnino_monthly,1,1,0,0,0,[0.7],[0.6],[],[],-877.556297985368,-877.5562980117435
287,elnino_monthly,1,1,0,0,0,[-0.3],[-0.3],[],[],-1557.21629225675,-1557.2162922433743
288,elnino_monthly,1,1,0,0,0,[-0.5],[-0.5],[],[],-1700.52890194873,-1700.528901917027
289,elnino_monthly,2,1,0,0,0,"[0.5, 0.1]",[0.2],[],[],-1046.72658400176,-1046.7265840083278
290,elnino_monthly,2,1,0,0,0,"[0.3, 0.3]",[0.4],[],[],-1002.29886642309,-1002.298866433582
291,elnino_monthly,2,1,0,0,0,"[0.6, -0.2]",[0.6],[],[],-1079.78141632603,-1079.7814163625694
292,elnino_monthly,2,1,0,0,0,"[-0.4, 0.3]",[-0.3],[],[],-1507.98833307568,-1507.9883330389684
293,elnino_monthly,2,1,0,0,0,"[0.2, 0.5]",[-0.5],[],[],-1225.95753917961,-1225.9575391420135
294,elnino_monthly,1,2,0,0,0,[0.3],"[0.4, 0.2]",[],[],-1125.89608916914,-1125.8960891796332
295,elnino_monthly,1,2,0,0,0,[0.5],"[0.3, -0.3]",[],[],-1165.72659428573,-1165.7265943204998
296,elnino_monthly,1,2,0,0,0,[0.7],"[-0.4, 0.2]",[],[],-1083.54111086757,-1083.541110892641
297,elnino_monthly,1,2,0,0,0,[-0.3],"[0.5, -0.1]",[],[],-1349.97276906377,-1349.97276909314
298,elnino_monthly,2,2,0,0,0,"[0.5, 0.1]","[0.4, 0.2]",[],[],-961.580336122885,-961.580336141802
299,elnino_monthly,2,2,0,0,0,"[0.3, 0.3]","[0.3, -0.3]",[],[],-1101.39717805758,-1101.3971781102582
300,elnino_monthly,2,2,0,0,0,"[0.6, -0.2]","[-0.4, 0.2]",[],[],-1286.39910372974,-1286.3991037399142
301,elnino_monthly,2,2,0,0,0,"[-0.4, 0.3]","[0.5, -0.1]",[],[],-1300.52974778353,-1300.5297478244408
302,co2_diff,1,0,0,0,0,[0.3],[],[],[],-311.087184486508,-311.08718448650757
303,co2_diff,1,0,0,0,0,[0.5],[],[],[],-333.614713294466,-333.6147132944657
304,co2_diff,1,0,0,0,0,[0.7],[],[],[],-365.684774398792,-365.68477439879246
305,co2_diff,1,0,0,0,0,[-0.3],[],[],[],-328.693605905042,-328.6936059050421
306,co2_diff,1,0,0,0,0,[-0.5],[],[],[],-359.30293620771,-359.3029362077102
307,co2_diff,2,0,0,0,0,"[0.5, 0.1]",[],[],[],-331.008726150798,-331.0087261507979
308,co2_diff,2,0,0,0,0,"[0.3, 0.3]",[],[],[],-311.719100670201,-311.71910067020065
309,co2_diff,2,0,0,0,0,"[0.6, -0.2]",[],[],[],-361.897404734678,-361.8974047346777
310,co2_diff,2,0,0,0,0,"[-0.4, 0.3]",[],[],[],-338.04742579376,-338.0474257937599
311,co2_diff,2,0,0,0,0,"[0.2, 0.5]",[],[],[],-322.73201835519,-322.7320183551899
312,co2_diff,3,0,0,0,0,"[0.5, -0.2, 0.1]",[],[],[],-345.295435271453,-345.29543527145336
313,co2_diff,3,0,0,0,0,"[0.3, 0.2, -0.3]",[],[],[],-338.994076507463,-338.9940765074633
314,co2_diff,3,0,0,0,0,"[0.6, -0.1, -0.2]",[],[],[],-366.91946100428,-366.91946100427964
315,co2_diff,0,1,0,0,0,[],[0.2],[],[],-306.862844673233,-306.8628446716625
316,co2_diff,0,1,0,0,0,[],[0.4],[],[],-330.522612974468,-330.5226129621651
317,co2_diff,0,1,0,0,0,[],[0.6],[],[],-379.788149811817,-379.78814976031583
318,co2_diff,0,1,0,0,0,[],[-0.3],[],[],-339.418750444926,-339.4187504430279
319,co2_diff,0,1,0,0,0,[],[-0.5],[],[],-404.776829540694,-404.77682950362237
320,co2_diff,0,2,0,0,0,[],"[0.4, 0.2]",[],[],-324.643714200824,-324.64371420638514
321,co2_diff,0,2,0,0,0,[],"[0.3, -0.3]",[],[],-359.365864447253,-359.3658643803949
322,co2_diff,0,2,0,0,0,[],"[-0.4, 0.2]",[],[],-332.193932067679,-332.1939320799471
323,co2_diff,0,2,0,0,0,[],"[0.5, -0.1]",[],[],-367.301088045834,-367.3010879981341
324,co2_diff,0,3,0,0,0,[],"[0.4, 0.2, -0.1]",[],[],-334.797575555175,-334.79757552601484
325,co2_diff,0,3,0,0,0,[],"[0.3, -0.2, 0.2]",[],[],-362.253227749402,-362.25322750403296
326,co2_diff,0,3,0,0,0,[],"[-0.3, 0.2, 0.1]",[],[],-312.205017655979,-312.2050176573385
327,co2_diff,1,1,0,0,0,[0.3],[0.2],[],[],-338.704486844704,-338.70448684384627
328,co2_diff,1,1,0,0,0,[0.5],[0.4],[],[],-424.280407173341,-424.2804071600648
329,co2_diff,1,1,0,0,0,[0.7],[0.6],[],[],-542.981386653612,-542.9813865928968
330,co2_diff,1,1,0,0,0,[-0.3],[-0.3],[],[],-398.142142790916,-398.1421427811244
331,co2_diff,1,1,0,0,0,[-0.5],[-0.5],[],[],-532.163628128294,-532.1636280984253
332,co2_diff,2,1,0,0,0,"[0.5, 0.1]",[0.2],[],[],-366.938638748795,-366.9386387430858
333,co2_diff,2,1,0,0,0,"[0.3, 0.3]",[0.4],[],[],-365.377071673724,-365.3770716662392
334,co2_diff,2,1,0,0,0,"[0.6, -0.2]",[0.6],[],[],-550.065142801321,-550.0651427125235
335,co2_diff,2,1,0,0,0,"[-0.4, 0.3]",[-0.3],[],[],-389.056500590813,-389.056500571897
336,co2_diff,2,1,0,0,0,"[0.2, 0.5]",[-0.5],[],[],-311.396933287893,-311.3969332867507
337,co2_diff,1,2,0,0,0,[0.3],"[0.4, 0.2]",[],[],-373.600152790155,-373.6001527818687
338,co2_diff,1,2,0,0,0,[0.5],"[0.3, -0.3]",[],[],-446.174958132349,-446.17495803648126
339,co2_diff,1,2,0,0,0,[0.7],"[-0.4, 0.2]",[],[],-312.307696957125,-312.3076969539361
340,co2_diff,1,2,0,0,0,[-0.3],"[0.5, -0.1]",[],[],-320.286597033792,-320.2865970123989
341,co2_diff,2,2,0,0,0,"[0.5, 0.1]","[0.4, 0.2]",[],[],-410.554244714044,-410.55424469768104
342,co2_diff,2,2,0,0,0,"[0.3, 0.3]","[0.3, -0.3]",[],[],-361.532313126819,-361.5323130345972
343,co2_diff,2,2,0,0,0,"[0.6, -0.2]","[-0.4, 0.2]",[],[],-302.990705746786,-302.9907057509932
344,co2_diff,2,2,0,0,0,"[-0.4, 0.3]","[0.5, -0.1]",[],[],-302.344788891208,-302.34478889815136
345,macro_gdp_growth,1,0,1,0,4,[0.4],[],[0.5],[],-271.694319298569,-271.69431929856864
346,macro_gdp_growth,1,0,1,0,4,[-0.3],[],[-0.4],[],-403.374529647531,-403.37452964753106
347,macro_gdp_growth,0,1,0,1,4,[],[0.3],[],[0.4],-283.092199521446,-283.09219952353504
348,macro_gdp_growth,0,1,0,1,4,[],[-0.2],[],[0.3],-327.32037651407,-327.3203765134928
349,macro_gdp_growth,1,0,0,1,4,[0.4],[],[],[0.4],-274.186305560134,-274.18630556046753
350,macro_gdp_growth,1,0,0,1,4,[-0.3],[],[],[0.3],-334.701543793564,-334.7015437910272
351,macro_gdp_growth,0,1,1,0,4,[],[0.3],[0.5],[],-276.748582432019,-276.74858243290277
352,macro_gdp_growth,0,1,1,0,4,[],[-0.2],[-0.4],[],-396.200154986472,-396.2001549854213
353,macro_gdp_growth,1,1,1,1,4,[0.4],[0.3],[0.5],[0.4],-316.989340958159,-316.9893409518713
354,macro_gdp_growth,1,1,1,1,4,[-0.3],[-0.2],[-0.4],[0.3],-402.052213616402,-402.0522136226242
357,elnino_monthly,1,0,1,0,12,[0.4],[],[0.5],[],-1026.2994082489,-1026.2994082488967
358,elnino_monthly,1,0,1,0,12,[-0.3],[],[-0.4],[],-1549.15901607752,-1549.1590160775177
359,elnino_monthly,0,1,0,1,12,[],[0.3],[],[0.4],-1197.43730845036,-1197.4373084641268
360,elnino_monthly,0,1,0,1,12,[],[-0.2],[],[0.3],-1363.48557059315,-1363.4855705962714
361,elnino_monthly,1,0,0,1,12,[0.4],[],[],[0.4],-1123.71721213843,-1123.7172121483577
362,elnino_monthly,1,0,0,1,12,[-0.3],[],[],[0.3],-1375.33272651208,-1375.3327265133103
363,elnino_monthly,0,1,1,0,12,[],[0.3],[0.5],[],-1099.96418538327,-1099.9641853894695
364,elnino_monthly,0,1,1,0,12,[],[-0.2],[-0.4],[],-1537.31288035665,-1537.3128803547654
365,elnino_monthly,1,1,1,1,12,[0.4],[0.3],[0.5],[0.4],-856.310202912479,-856.3102029218692
366,elnino_monthly,1,1,1,1,12,[-0.3],[-0.2],[-0.4],[0.3],-1539.00030243677,-1539.0003024461748
